Positive,Negative
14.285714285714285,85.71428571428571
